{"columns":["Open","High","Low","Close","Volume","Dividends","Stock Splits","Ticker"],"index":[1738866600000,1739125800000,1739212200000,1739298600000,1739385000000,1739471400000,1739730600000,1739817000000,1739903400000,1739989800000,1740076200000,1740335400000,1740421800000,1740594600000,1740681000000,1740940200000,1741026600000,1741113000000,1741199400000,1741285800000],"data":[[4090.0,4090.0,4008.0,4029.3999023438,1548940,0.0,0.0,"TCS.NS"],[4040.0,4052.0,4014.3500976562,4036.9499511719,1339511,0.0,0.0,"TCS.NS"],[4018.3999023438,4040.0,3955.0,3963.5500488281,1810908,0.0,0.0,"TCS.NS"],[3971.1000976562,4021.75,3940.1499023438,3950.1499023438,1678002,0.0,0.0,"TCS.NS"],[3968.0,3984.4499511719,3902.25,3910.1499023438,2277310,0.0,0.0,"TCS.NS"],[3925.0,3948.0,3900.0,3934.8500976562,1681975,0.0,0.0,"TCS.NS"],[3856.5,3934.0,3856.1999511719,3904.5,1799806,0.0,0.0,"TCS.NS"],[3898.3999023438,3924.3999023438,3864.5,3873.1999511719,2149879,0.0,0.0,"TCS.NS"],[3872.1999511719,3874.9499511719,3768.1499023438,3784.1000976562,4366672,0.0,0.0,"TCS.NS"],[3761.5,3788.0,3751.3000488281,3779.3999023438,2888572,0.0,0.0,"TCS.NS"],[3776.1000976562,3817.0,3775.0,3786.0,1833931,0.0,0.0,"TCS.NS"],[3743.1499023438,3763.1999511719,3670.0,3675.6000976562,2508516,0.0,0.0,"TCS.NS"],[3625.0,3658.0,3621.25,3629.5500488281,4101954,0.0,0.0,"TCS.NS"],[3611.6999511719,3638.0,3600.6999511719,3612.5500488281,3823856,0.0,0.0,"TCS.NS"],[3584.9499511719,3600.0,3457.0,3483.25,7085018,0.0,0.0,"TCS.NS"],[3485.0,3523.25,3476.1499023438,3493.0500488281,4990439,0.0,0.0,"TCS.NS"],[3474.0,3551.0,3464.3000488281,3532.0500488281,2797737,0.0,0.0,"TCS.NS"],[3520.8500976562,3600.3500976562,3520.8500976562,3547.0500488281,2501894,0.0,0.0,"TCS.NS"],[3557.0,3609.4499511719,3536.1000976562,3601.6000976562,2786513,0.0,0.0,"TCS.NS"],[3600.0,3625.0,3574.3999023438,3611.1999511719,2051315,0.0,0.0,"TCS.NS"]]}